{
  "project_info": {
    "project_number": "431998442633",
    "project_id": "blooddonation-f6f97",
    "storage_bucket": "blooddonation-f6f97.appspot.com"
  },
  "client": [
    {
      "client_info": {
        "mobilesdk_app_id": "1:431998442633:android:2952d553cfe3afbc8eba58",
        "android_client_info": {
          "package_name": "com.example.blooddonationapp"
        }
      },
      "oauth_client": [
        {
          "client_id": "431998442633-kak8d48dmft2lsch10p1ij6e53qgkb2u.apps.googleusercontent.com",
          "client_type": 3
        }
      ],
      "api_key": [
        {
          "current_key": "AIzaSyBKR18hhkvD7whgBsBJNfKhjq1cKlDli4o"
        }
      ],
      "services": {
        "appinvite_service": {
          "other_platform_oauth_client": [
            {
              "client_id": "431998442633-kak8d48dmft2lsch10p1ij6e53qgkb2u.apps.googleusercontent.com",
              "client_type": 3
            }
          ]
        }
      }
    }
  ],
  "configuration_version": "1"
}